Media ID,Title,ISBN,ISBN 13,Call #,ASN #,Branch,Copy No,status
5593433,OPTIONS FUTURES & AUT. ACTIFS DERIVES 9E (ECO GESTION) (French Edition),2326000498,,EF 10019 B3,296,Main,1,Issued
6809592,Blue ocean strategy : how to create uncontested market space and make the competition irrelevant,,,IT 8037 B3,1421,Main,1,Issued
7464231,Comment Trouver Le Leader En Vous (Ldp Dev Person) (French Edition),2253081477,,DP 19096 B7,1537,Main,1,Issued
5619560,Data Analysis and Regression: A Second Course in Statistics,020104854X,,IT 8007 B3,1069,Main,1,Issued
6289823,PROBLEMS IN PROBABILITY (2ND EDITION) (Concrete and Applicable Mathematics),9814551457,,MA 6073 B3,1334,Main,1,Issued
5614519,Physique quantique (nouvelle édition) (SAVOIRS ACTUELS) (French Edition),2868839983,,PH 1413 B1,1028,Main,1,Issued
7734138,Level 2: Persuasion (Pearson English Graded Readers),1405869496,,LA 17119 B5 ,1666,Main,1,Issued
5593207,The Body,1405882379,,LA 17070 B5,176,Main,1,Issued
7931797,Level 1: The Adventures of Tom Sawyer (Pearson English Graded Readers),1405842776,,LA 17122 B5,1698,Main,1,Issued
7622375,Level 1: Daniel Radcliffe (Pearson English Graded Readers),1405867655,,LA 17116 B5,1589,Main,1,Issued
5614209,"L3: Martin Luther King (2nd Edition) (Penguin Readers, Level 3)",1405881941,,LA 17030 B5,947,Main,1,Issued
7933426,Level 1: Muhammad Ali (Pearson English Graded Readers),1405881534,,LA 17125 B5,1701,Main,1,Issued
7734143,Level 2: Gandhi (Pearson English Graded Readers),140587693X,,LA 17120 B5,1667,Main,1,Issued
7622365,Level 3: Leaving Microsoft to Change the World (Pearson English Graded Readers),1408231719,,LA 17112 B5,1585,Main,1,Issued
7667904,Programmation Arduino: Développez rapidement vos premiers programmes,2807327001,,IT 8057 B3,1636,Main,1,Issued
5593115,Apprendre à programmer avec Python 3 (Noire) (French Edition),2212134347,,IT 8004 B3,114,Main,1,Issued
5614223,Penguin Readers Level 4 Strangers on a Train (Penguin Readers (Graded Readers)) (Penguin Longman Penguin Readers),1405882328,,LA 17058 B5,955,Main,1,Issued
6809380,Matériaux composites,2746247070,,PH 284 B1,1412,Main,1,Issued
5614481,Résistance mécanique des matériaux et des structures - 2e éd. - cours et exercices corrigés: Cours et exercices corrigés (Sciences Sup) (French Edition),2100749315,,PH 753 B1,1006,Main,1,Issued
5593183,S'organiser pour réussir (Alisio),2848992093,,DP 19072 B7,164,Main,1,Issued
5614226,"Forrest Gump, Level 3, Penguin Readers (2nd Edition) (Penguin Readers, Level 3)",1405876751,,LA 17015 B5,958,Main,1,Issued
7622323,Level 2: Lost In New York (Pearson English Graded Readers),1405876972,,LA 17100 B5,1573,Main,1,Issued
5613923,La science en action (Nouvelle édition) (Poches sciences) (French Edition),2707145467,,SH 18020 B6,892,Main,1,Issued
5593130,la femme de gilles babel 19,2742790098,,FR 16062 B5,127,Main,1,Issued
5614062,La Vie de Galilée (Scène ouverte) (French Edition),2851812483,,FR 16075 B5,928,Main,1,Issued
5614475,Esprits rebelles (La Petite Collection (330)) (French Edition),2842055705,,FR 16043 B5,1002,Main,1,Issued
5619746,Statistics,,,MA 6080 B3,1108,Main,1,Issued
8099247,Seven Husbands of Evelyn Hugo,1398515698,,LA 17132 B5,1729,Main,1,Issued
5593115,Apprendre à programmer avec Python 3 (Noire) (French Edition),2212134347,,IT 8004 B3,114,Main,1,Returned
7622481,Deep learning with Python,1617294438,,IT 8051 B3,1597,Main,1,Issued
5614482,Probability: Theory and Examples (Cambridge Series in Statistical and Probabilistic Mathematics),1108473687,,MA 6072 B3,1007,Main,1,Issued
5614279,"Inventions that Changed the World, Level 4",1405882239,,LA 17025 B5,987,Main,1,Issued
5593065,Pantagruel (Folio Classique) (French Edition),2070363872,,FR 16165 B5,67,Main,1,Issued
7622348,Level 2: The Jungle Book (Pearson English Graded Readers),1405842865,,LA 17106 B5,1579,Main,1,Issued
7622369,Level 1: Surfer! (Pearson English Graded Readers),1405869690,,LA 17113 B5,1586,Main,1,Issued
5714428,L'Alchimiste: Roman (French Edition),2290004448,,FR 16077 B5,1185,Main,1,Issued
5614242,"The Great Gatsby (Penguin Readers, Level 5)",1405865172,,LA 17075 B5,971,Main,1,Issued
7679166,L'ART D'AVOIR TOUJOURS RAISON,2842420756,,PI 21023 B8,1645,Main,1,Issued
5613971,Qu'est-ce Que La Bioethique? (Chemins Philosophiques) (French Edition),2711616878,,PI 21018 B8,905,Main,1,Issued
7624480,"Sleight of Mind: 75 Ingenious Paradoxes in Mathematics, Physics, and Philosophy (Mit Press)",0262542293,,PI 21020 B8,1608,Main,1,Issued
5614549,Probabilité (L3M1) (ENSEIGNEMENT SUP MATHEMATIQUES) (French Edition),2868839312,,MA 6070 B3,1054,Main,1,Returned
6165772,Une Si Longue Lettre,2842612892,,FR 16196 B5,1270,Main,1,Issued
7628841,L'essentiel de la finance à l'usage des managers : Maîtriser les chiffres de l'entreprise,,,EF 10028 B3,1623,Main,1,Issued
6809592,Blue ocean strategy : how to create uncontested market space and make the competition irrelevant,,,IT 8037 B3,1421,Main,1,Returned
7930739,Lean Startup: Adoptez l'innovation continue (French Edition),2744066400,,BU 14021 B4,1692,Main,1,Returned
7464231,Comment Trouver Le Leader En Vous (Ldp Dev Person) (French Edition),2253081477,,DP 19096 B7,1537,Main,1,Returned
7930739,Lean Startup: Adoptez l'innovation continue (French Edition),2744066400,,BU 14021 B4,1692,Main,1,Issued
5907762,"HBR's 10 Must Reads on Leadership (with featured article ""What Makes an Effective Executive,"" by Peter F. Drucker)",1422157970,,DP 19019 B7,1217,Main,1,Overdue
7667904,Programmation Arduino: Développez rapidement vos premiers programmes,2807327001,,IT 8057 B3,1636,Main,1,Returned
7931759,Level 2: Robin Hood (Pearson English Graded Readers),1405842911,,LA 17121 B5,1697,Main,1,Returned
7734138,Level 2: Persuasion (Pearson English Graded Readers),1405869496,,LA 17119 B5 ,1666,Main,1,Returned
5593227,Le Pere Goriot (French Edition),2070409341,,FR 16100 B5,186,Main,1,Overdue
6809346,"Amélioration des performances par l'analyse de la valeur (FINANCE, GESTIO)",2746213494,,GI 12026 B4,1406,Main,1,Overdue
5613923,La science en action (Nouvelle édition) (Poches sciences) (French Edition),2707145467,,SH 18020 B6,892,Main,1,Returned
7628852,Paul Wilmott Introduces Quantitative Finance,0470319585,,EF 10030 B3,1625,Main,1,Overdue
5593433,OPTIONS FUTURES & AUT. ACTIFS DERIVES 9E (ECO GESTION) (French Edition),2326000498,,EF 10019 B3,296,Main,1,Returned
6913309,Méthodes de Monte-Carlo et processus stochastiques :: du linéaire au non linéaire,2730216162,,MA 6102 B3,1447,Main,1,Overdue
5714428,L'Alchimiste: Roman (French Edition),2290004448,,FR 16077 B5,1185,Main,1,Returned
5614242,"The Great Gatsby (Penguin Readers, Level 5)",1405865172,,LA 17075 B5,971,Main,1,Returned
8099247,Seven Husbands of Evelyn Hugo,1398515698,,LA 17132 B5,1729,Main,1,Returned
7679188,"Textes Cles de Philosophie de la Logique: Consequence, Preuve Et Verite (French Edition)",2711617963,,PI 21024 B8,1646,Main,1,Returned
7628797,Votre cerveau est extraordinaire ! 50 astuces de mentaliste qui vont vous changer la vie,2412022917,,DP 19103 B7,1621,Main,1,Overdue
5593087,Initiation à l’analyse complexe - Cours et exercices corrigés (Références sciences),2340002133,,MA 6040 B3,85,Main,1,Returned
7119092,Ces entreprises qui réussissent en Afrique (French Edition),2354561296,,BU 14011 B4,1465,Main,1,Overdue
5593585,1984 (Folio) (French Edition),207036822X,,FR 16002 B5,320,Main,1,Overdue
6809380,Matériaux composites,2746247070,,PH 284 B1,1412,Main,1,Returned
5614481,Résistance mécanique des matériaux et des structures - 2e éd. - cours et exercices corrigés: Cours et exercices corrigés (Sciences Sup) (French Edition),2100749315,,PH 753 B1,1006,Main,1,Returned
5907762,"HBR's 10 Must Reads on Leadership (with featured article ""What Makes an Effective Executive,"" by Peter F. Drucker)",1422157970,,DP 19019 B7,1217,Main,1,Returned
5593377,Mécanique des milieux continus : Tome 1 : Concepts généraux (1Cédérom),2730212450,,PH 258 B1,245,Main,1,Returned
5593329,Level 5: Pride and Prejudice (2nd Edition) (Penguin Readers: Level 5),1405862467,,"LA 17046 B5
",222,Main,1,Overdue
7622094,Becoming,1524763144,,LA 17094 B5,1567,Main,1,Overdue
7930717,Servitudes virtuelles,2021440311,,SH 18064 B6,1691,Main,1,Overdue
5593371,Analyse numérique et optimisation: Nouvelle édition (ECOLE POLYTECHNIQUE) (French Edition),2730212558,,MA 6010 B3,239,Main,1,Returned
5593371,Analyse numérique et optimisation: Nouvelle édition (ECOLE POLYTECHNIQUE) (French Edition),2730212558,,MA 6010 B3,252,Main,2,Returned
7667901,"Management d'un projet système d'Information -8e éd. - Principes, techniques, mise en oeuvre et outi: Principes, techniques, mise en oeuvre et outils",2100747363,,IT 8056 B3,1635,Main,1,Returned
5593032,Les Noces fabuleuses du Polonais (Best) (French Edition),2266267299,,FR 16136 B5,43,Main,1,Overdue
7622319,"Level 1: 20,000 Leagues Under the Sea (Pearson English Graded Readers)",1405842768,,LA 17099 B5,1572,Main,1,Overdue
7628852,Paul Wilmott Introduces Quantitative Finance,0470319585,,EF 10030 B3,1625,Main,1,Returned
7624480,"Sleight of Mind: 75 Ingenious Paradoxes in Mathematics, Physics, and Philosophy (Mit Press)",0262542293,,PI 21020 B8,1608,Main,1,Returned
6809621,Data and Goliath: The Hidden Battles to Collect Your Data and Control Your World,039335217X,,IT 8028 B3,1432,Main,1,Returned
7622328,Level 1: Run For Your Life (Pearson English Graded Readers),1405869704,,LA 17102 B5,1575,Main,1,Overdue
5593329,Level 5: Pride and Prejudice (2nd Edition) (Penguin Readers: Level 5),1405862467,,"LA 17046 B5
",222,Main,1,Returned
5613918,A quoi rêvent les loups ? (Best) (French Edition),2266200860,,FR 16006 B5,891,Main,1,Pending
5593585,1984 (Folio) (French Edition),207036822X,,FR 16002 B5,320,Main,1,Returned
6152687,Reves De Femmes: Une Enfance Au Harem (Le Livre De Poche) (French Edition),2253145130,,FR 16179 B5,1263,Main,1,Returned
6152650,Kite Runner,1526604744,,LA 17028 B5,1245,Main,1,Returned
5593066,Mon cours d'economie ideal (Champs actuel) (French Edition),2081375680,,EF 10018 B3,68,Main,1,Returned
5593180,Martingale Methods in Financial Modelling (Stochastic Modelling and Applied Probability (36)),3764359838,,EF 10016 B3,162,Main,1,Overdue
5613199,FLAWS AND FALLACIES IN STATISCAL THINKING ,,,MA 6034 B3,814,Main,1,Overdue
7930717,Servitudes virtuelles,2021440311,,SH 18064 B6,1691,Main,1,Returned
7622094,Becoming,1524763144,,LA 17094 B5,1567,Main,1,Returned
7394295,"Options, Futures, and Other Derivatives (9th Edition)",0133456315,,EF 10026 B3,1496,Main,1,Returned
7394295,"Options, Futures, and Other Derivatives (9th Edition)",0133456315,,EF 10026 B3,1496,Main,1,Overdue
6152633,Rules of Attraction,0330536346,,LA 17065 B5,1237,Main,1,Returned
7624473,Mathematics for Machine Learning,110845514X,,MA 6106 B3,1605,Main,1,Overdue
7938439,stratégie océan bleu: Comment créer de nouveaux espaces stratégiques (French Edition),2744066303,,BU 14022 B4,1715,Main,1,Overdue
7015382,English Grammar in Use Book with Answers: A Self-Study Reference and Practice Book for Intermediate Learners of English,1108457657,,LA 17091 B5,1461,Main,1,Overdue
5593325,Cold Mountain,1405882417,,LA 17011 B5,220,Main,1,Overdue
7628795,Votre temps est infini - Et si votre journée était plus longue que vous ne le pensiez ?,2412049408,,DP 19102 B7,1620,Main,1,Returned
6809096,English At Work: Find and Fix Your Mistakes in Business English as a Foreign Language (Teach Yourself),1529392853,,LA 17082 B5,1400,Main,1,Returned
7734782,Avantage Supply Chain: Les 5 leviers pour faire de votre Supply Chain un atout compétitif (French Edition),2708133462,,GI 12035 B4,1674,Main,1,Returned
5714443,Sapiens: Une brève histoire de l'humanité (A.M. HORS COLL) (French Edition),2226257012,,FR 16183 B5,1199,Main,1,Overdue
6152655,How to Win Friends and Influence People,0091906350,,DP 19024 B7,1248,Main,1,Returned
7624462,Design of Rockets and Space Launch Vehicles (AIAA Education),1624105939,,PH 1076 B1,1603,Main,1,Overdue
7622473,"Data-driven science and engineering : machine learning, dynamical systems, and control",,,IT 8050 B3,1596,Main,1,Overdue
5714442,Good To Great : Why Some Companies Make The Leap and Others Don't,0712676090,,DP 19018 B7,1198,Main,1,Overdue
6165793,Adolescent (Folio (Gallimard)) (French Edition),2070405524,,FR 16007 B5,1275,Main,1,Overdue
5699938,Allah n'est pas Oblige (French Edition) (Points (Editions Du Seuil)),2020525712,,FR 16010 B5,1178,Main,1,Overdue
7622142,Brave New World,0099477467,,LA 17097 B5,1570,Main,1,Overdue
7933435,Level 4: The Locked Room and Other Horror Stories (Pearson English Graded Readers),1405882247,,LA 17127 B5,1703,Main,1,Returned
5596661,Python 3 - Les fondamentaux du langage,,,IT 8018 B3,452,Main,1,Returned
5595970,Surely you're joking mr. Feynman!,,,LA 17067 B5,364,Main,1,Returned
5614056,"Dieu, les mathématiques, la folie (French Edition)",2221217896,,FR 16037 B5,926,Main,1,Returned
5593190,Le Chaos - Poche (POCHE - Le Pommier) (French Edition),2746501597,,FR 16084 B5,168,Main,1,Returned
6809612,Python 3 - Les fondamentaux du langage (3e édition) (French Edition),2409020968,,IT 8024 B3,1428,Main,1,Returned
5863166,Initiation à la mesure et à l’intégration - Cours et exercices corrigés (Références sciences),2340003652,,MA 6041 B3,1212,Main,1,Returned
5863165,Méthodes mathématiques de la finance (ECONOMIE ET STA),2717851100,,MA 6053 B3,1211,Main,1,Returned
7015382,English Grammar in Use Book with Answers: A Self-Study Reference and Practice Book for Intermediate Learners of English,1108457657,,LA 17091 B5,1461,Main,1,Returned
5593011,Discours sur l'origine de l'univers (Champs sciences) (French Edition),2081391570,,FR 16040 B5,26,Main,1,Returned
5596012,Macroéconomie,,,EF 10015 B3,390,Main,1,Returned
5614236,"Level 4: The Go-Between (2nd Edition) (Pearson English Reader, Level 4)",1405862440,,LA 17130 B5,965,Main,1,Returned
7622325,Level 6: Anna Karenina (Pearson English Graded Readers),1405865296,,LA 17101 B5,1574,Main,1,Overdue
5907760,Level 4: Knife Edge,140829138X,,LA 17042 B5,1216,Main,1,Returned
5593645,Qu'est-ce qui nous unit ? (French Edition),2259210902,,FR 16177 B5,339,Main,1,Returned
7628821,Comprendre la finance: Pour les non-financiers et les étudiants,2212574568,,EF 10027 B3,1622,Main,1,Returned
7624473,Mathematics for Machine Learning,110845514X,,MA 6106 B3,1605,Main,1,Returned
5593433,OPTIONS FUTURES & AUT. ACTIFS DERIVES 9E (ECO GESTION) (French Edition),2326000498,,EF 10019 B3,296,Main,1,Cancelled
5593087,Initiation à l’analyse complexe - Cours et exercices corrigés (Références sciences),2340002133,,MA 6040 B3,85,Main,1,Pending
6152690,"L'étranger (Collection Folio, no. 2) (French Edition)",2070360024,,FR 16140 B5,1264,Main,1,Returned
5614231,"Level 4: Famous Women in Business (2nd Edition) (Penguin Readers, Level 4)",1405882352,,LA 17040 B5,962,Main,1,Returned
5614235,"1984, Level 4, Penguin Readers (2nd Edition)",1405862416,,LA 17001 B5,964,Main,1,Returned
5593401,THE SIX SIGMA WAY : How to Maximize the Impact of Your Change and Improvement Efforts,,,GI 12024 B4,1473,Main,2,Returned
5593035,Les Identites Meurtrieres (Ldp Litterature) (French Edition),2253150053,,FR 16133 B5,1337,Main,13,Returned
7755350,Introduction to Renewable Energy for Engineers,0133360865,,PH 611 B1,1676,Main,1,Returned
7667868,L'électricité au coeur des défis africains - manuel sur l'électrification en Afrique (HOMMES ET SOCIE),2811103767,,EN 3014 B2,1632,Main,1,Returned
5619654,Comment je vois le monde (Champs sciences (183)),2081229048,,SH 18005 B6,1091,Main,1,Returned
5614229,"L4: Time Machine (2nd Edition) (Penguin Readers, Level 4)",1405882344,,LA 17032 B5,960,Main,1,Returned
5613944,1984 - texte integrale + dossier (Folioplus classiques) (French Edition),2070463699,,FR 16001 B5,897,Main,1,Returned
5614523,Litterature En Dialogues + Audio CD (Intermediate) (French Edition),2090352183,,FR 16146 B5,1031,Main,1,Returned
5613199,FLAWS AND FALLACIES IN STATISCAL THINKING ,,,MA 6034 B3,814,Main,1,Returned
5597272,Making Sense of Data: A Self-Instruction Manual on the Interpretation of Epidemiological Data,0195050932,,IT 8012 B3,595,Main,1,Returned
7622142,Brave New World,0099477467,,LA 17097 B5,1570,Main,1,Returned
7624462,Design of Rockets and Space Launch Vehicles (AIAA Education),1624105939,,PH 1076 B1,1603,Main,1,Returned
6165793,Adolescent (Folio (Gallimard)) (French Edition),2070405524,,FR 16007 B5,1275,Main,1,Returned
5714442,Good To Great : Why Some Companies Make The Leap and Others Don't,0712676090,,DP 19018 B7,1198,Main,1,Returned
5595957,la boite à outils du : marketing de soi,,,DP 19033 B7,356,Main,1,Returned
6809609,"Bases de données relationnelles - concepts, mise en oeuvre et exercices (INFORMATIQUE)",2746220865,,IT 8040 B3,1427,Main,1,Returned
7622481,Deep learning with Python,1617294438,,IT 8051 B3,1597,Main,1,Returned
7119092,Ces entreprises qui réussissent en Afrique (French Edition),2354561296,,BU 14011 B4,1465,Main,1,Returned
5593153,Psychopathologie de la vie quotidienne (Petite Bibliothèque Payot) (French Edition),2228894028,,FR 16173 B5,147,Main,1,Overdue
7622473,"Data-driven science and engineering : machine learning, dynamical systems, and control",,,IT 8050 B3,1596,Main,1,Returned
5699938,Allah n'est pas Oblige (French Edition) (Points (Editions Du Seuil)),2020525712,,FR 16010 B5,1178,Main,1,Returned
5614246,Level 4: Detective Work (2nd Edition) (Penguin Readers: Level 4),1405882115,,LA 17039 B5,974,Main,1,Returned
7930555,De la Performance à l'excellence: Devenir une entreprise leader (French Edition),274406565X,,BU 14019 B4,1688,Main,1,Returned
5667421,"SQL pour Oracle: Applications avec Java, PHP et XML. Optimisation des requêtes et schémas. Avec 50 exercices corrigés. (Noire) (French Edition)",2212141564,,IT 8020 B3,1165,Main,1,Overdue
5593436,La place de L'étoile (Folio) (French Edition),2070366987,,FR 16171 B5,299,Main,1,Overdue
5593080,Conception des bases de données relationnelles (Informatique pro: En pratique) (French Edition),2711786781,,IT 8006 B3,80,Main,1,Returned
7628763,"Votre business model sur mesure: La boîte à outils pour concevoir, entreprendre, agir, manager (EYROLLES) (French Edition)",2212573146,,BU 14015 B4,1613,Main,1,Returned
7622455,C++ - Des fondamentaux du langage aux applications (3e édition),2409030203,,IT 8046 B3,1592,Main,1,Pending
7624481,A Brief History of Time,0553176986,,PI 21021 B8,1609,Main,1,Pending
7622328,Level 1: Run For Your Life (Pearson English Graded Readers),1405869704,,LA 17102 B5,1575,Main,1,Returned
7624476,Analysis (Graduate Studies in Mathematics),0821827839,,MA 6107 B3,1606,Main,1,Returned
5614226,"Forrest Gump, Level 3, Penguin Readers (2nd Edition) (Penguin Readers, Level 3)",1405876751,,LA 17015 B5,958,Main,1,Returned
7930679,"Stratégique, 12e + MyLab",2326002431,,BU 14020 B4,1690,Main,1,Overdue
5597415,Précis de recherche opérationnelle - 7e éd. - Méthodes et exercices d'application: Méthodes et exercices d'application (Sciences Sup) (French Edition),2100706128,,GI 12016 B4,674,Main,1,Returned
5595938,Lyautey et l'institution de protectorat français au maroc : Tome 1,2858028540,,HP 20054 B8,349,Main,1,Returned
7597706,The Handmaid's Tale,038549081X,,LA 17117 B5,1559,Main,1,Returned
6925434,"INDUSTRIE 4.0 : NOUVELLE DONNE INDUSTRIELLE, NOUVEAU MODELE ECONOMIQUE",2366090315,,GI 12029 B4,1449,Main,1,Overdue
5593153,Psychopathologie de la vie quotidienne (Petite Bibliothèque Payot) (French Edition),2228894028,,FR 16173 B5,147,Main,1,Returned
5597236,HOW TO GET CONTROL OF YOUR TIME AND YOUR LIFE,0451167724,,DP 19022 B7,588,Main,1,Returned
5614280,Level 3: Nothing Hill (2nd Edition) (Pearson English Graded Readers),1405881992,,LA 17038 B5,988,Main,1,Returned
5593401,THE SIX SIGMA WAY : How to Maximize the Impact of Your Change and Improvement Efforts,,,GI 12024 B4,266,Main,1,Overdue
6521435,De l'Open Innovation à l'Intelligence Collective - 2e éd.: Mobilisez votre écosystème pour accélérer votre transformation (Stratégies et management) (French Edition),2100778331,,GI 12002 B4,1340,Main,1,Overdue
5627412,Le bonheur conjugal (Folio) (French Edition),2070456110,,FR 16081 B5,1158,Main,1,Returned
7622365,Level 3: Leaving Microsoft to Change the World (Pearson English Graded Readers),1408231719,,LA 17112 B5,1585,Main,1,Returned
7622350,Northanger Abbey,1408221101,,LA 17107 B5,1580,Main,1,Returned
6289856,Counterexamples in TOPOLOGY,,,MA 6022 B3,1335,Main,1,Returned
6521518,100 CV et lettres de motivation pour tous les profils,2846248877,,SH 18001 B6,1350,Main,1,Returned
5593103,"TÉLÉCOMMUNICATIONS - Réseaux informatiques - Adressage IP, modèle OSI, éthernet, VLAN, routage. Cours et exercices corrigés (niveau A) (Technosup)",2340007801,,IT 8021 B3,100,Main,1,Returned
5614104,GESTION DE LA PRODUCTION ET DES FLUX (GESTION DIRIGEE),2717844988,,GI 12007 B4,940,Main,1,Returned
7628759,Le business plan en pratique: Conseils d'un chef d'entreprise pour construire et rédiger votre business plan,,,BU 14014 B4,1612,Main,1,Returned
5614041,L'Écume Des Jours (Ldp Litterature) (French Edition),2253140872,,FR 16114 B5,921,Main,1,Returned
6521503,Si tu veux changer ta vie... commence par faire ton lit (Hors Collection) (French Edition),2100779613,,DP 19069 B7,1348,Main,1,Returned
5597420,Le quadrant du cashflow (Nouvelle édition ) (French Edition),2892258588,,DP 19041 B7,678,Main,1,Returned
6809584,Python - Apprentissage actif - Pour l'étudiant et le futur enseignant (Références sciences),234003664X,,IT 8034 B3,1418,Main,1,Returned
5612917,Case Studies in Mathematical Modelling,0470271779,,MA 6015 B3,715,Main,1,Returned
5614535,En attendant le vote des betes sauvages (Points) (French Edition),2020416379,,FR 16042 B5,1043,Main,1,Returned
7622458,Programmer en MATLAB (French Edition),2409028128,,IT 8047 B3,1593,Main,1,Returned
6165816,Le Joueur (Ldp Classiques) (French Edition),2253011738,,FR 16091 B5,1284,Main,1,Returned
7624478,Manufacturing Consent : Political Economy of the Mass Media,0099533111,,PI 21019 B8,1607,Main,1,Returned
7624481,A Brief History of Time,0553176986,,PI 21021 B8,1609,Main,1,Returned
5593206,"Winners Never Cheat: Even in Difficult Times, New and Expanded Edition",0137009038,,DP 19090 B7,175,Main,1,Returned
6463593,Soif (French Edition),2226443886,,FR 16186 B5,1338,Main,1,Returned
7597739,Nedjma,2020289474,,FR 16212 B5,1564,Main,1,Returned
5614223,Penguin Readers Level 4 Strangers on a Train (Penguin Readers (Graded Readers)) (Penguin Longman Penguin Readers),1405882328,,LA 17058 B5,955,Main,1,Returned
6152672,On the Road (READERS NIVEAU 5) (French Edition),1405882468,,LA 17056 B5,1260,Main,1,Returned
5593413,Rebecca (Penguin Longman Penguin Readers),1405862475,,LA 17063 B5,278,Main,1,Returned
7330546,Ingénierie de la fiabilité,2743008237,,GI 12037 B4,1492,Main,1,Returned
5593110,Les Tactiques de Chronos (Champs sciences (877)) (French Edition),2081223058,,PI 21014 B8,109,Main,1,Returned
5593036,Voyage Au Bout De LA Nuit (Folio) (French Edition) (Folio S.),2070360288,,FR 16198 B5,48,Main,1,Returned
7464283,"Convaincre en moins de 2 minutes: Capter et retenir l'attention, savoir s'adapter à son interlocuteur (Vie Professionnelle) (French Edition)",2501139372,,DP 19099 B7,1540,Main,1,Returned
5593089,Liberez votre creativite  (French Edition),2290355089,,DP 19050 B7,86,Main,1,Returned
7622076,A Promised Land (Random House Large Print),0525633766,,LA 17093 B5,1566,Main,1,Returned
5593218,"Act Like a Success, Think Like a Success: Discovering Your Gift and the Way to Life's Riches",0062220330,,DP 19002 B7,181,Main,1,Returned
5614525,Operations and Supply Chain Management,1259666107,,GI 12014 B4,1033,Main,1,Overdue
7667889,Actu IA N° 6,,,PU 26052 B10,1633,Main,1,Returned
7679166,L'ART D'AVOIR TOUJOURS RAISON,2842420756,,PI 21023 B8,1645,Main,1,Returned
6165818,"Project Management: Achieving Competitive Advantage, Global Edition",1292269146,,GI 12017 B4,1285,Main,1,Returned
7622111,The Midnight Library,1786892731,,LA 17095 B5,1568,Main,1,Returned
7464274,L'art de la guerre. Suivi de L'art de la guerre de Sun Bin.,,,DP 19098 B7,1539,Main,1,Returned
5614525,Operations and Supply Chain Management,1259666107,,GI 12014 B4,1033,Main,1,Returned
6808753,L'Art d'être juste: L'imagination littéraire et la vie publique (Essais) (French Edition),2081290103,,SH 18051 B6,1384,Main,1,Returned
6809581,Logique pour l'informatique et pour l'intelligence artificielle ((COLL. INFORMAT),2746226006,,IT 8033 B3,1417,Main,1,Returned
5593116,Le must de l innovation (LES CAHIERS HARVARD) (French Edition),2810422672,,BU 14003 B4,115,Main,1,Returned
6808886,Introduction à l'optimisation continue et discrète - avec exercices et problèmes corrigés (IRIS),2746248638,,MA 6095 B3,1389,Main,1,Returned
5614048,Model building in mathematical programming,,,MA 6058 B3,924,Main,1,Returned
5714435,La formule de Dieu (Roman contemporain) (French Edition),2266236563,,FR 16064 B5,1194,Main,1,Overdue
5627413,The New One Minute Manager (The One Minute Manager-updated),8172234996,,DP 19083 B7,1159,Main,1,Returned
6152643,"Thinking, Fast and Slow",0141033576,,DP 19086 B7,1243,Main,1,Returned
5614493,Analyse fonctionnelle - Théorie et applications: Théorie et applications (Sciences Sup) (French Edition),2100493361,,MA 6008 B3,1213,Main,2,Returned
5613415,High Energy Astrophysics,0805354034,,DM 27132 B9,853,Main,1,Returned
5593023,Sans Feu Ni Lieu (Nouveau Policier) (French Edition),2290353353,,FR 16182 B5,35,Main,1,Returned
5714439,Into the Wild,0385486804,,LA 17024 B5,1196,Main,1,Returned
5714443,Sapiens: Une brève histoire de l'humanité (A.M. HORS COLL) (French Edition),2226257012,,FR 16183 B5,1199,Main,1,Returned
7453644,A Mathematician's Apology (Canto Classics),110760463X,,MA 6104 B3,1533,Main,1,Returned
5614534,Les bouts de bois de Dieu (Best) (French Edition),2266245813,,FR 16122 B5,1042,Main,1,Returned
5613912,L' Intelligence artificielle ou l’enjeu du siècle: Anatomie d’un antihumanisme radical (Pour en finir avec) (French Edition),2373090503,,SH 18014 B6,889,Main,1,Returned
6152658,"La Confiance en soi, une philosophie (French Edition)",2370731664,,DP 19036 B7,1251,Main,1,Returned
5614493,Analyse fonctionnelle - Théorie et applications: Théorie et applications (Sciences Sup) (French Edition),2100493361,,MA 6008 B3,1013,Main,1,Returned
5714435,La formule de Dieu (Roman contemporain) (French Edition),2266236563,,FR 16064 B5,1194,Main,1,Returned
7480939,"L'art du pitch: Trouvez l'accroche, soyez convaincants et réussissez vos deals",2212569629,,DP 19101 B7,1543,Main,1,Returned
5614041,L'Écume Des Jours (Ldp Litterature) (French Edition),2253140872,,FR 16114 B5,984,Main,2,Returned
5614110,Aerodynamics of Wind Turbines,113877507X,,PH 51 B1,943,Main,1,Returned
5593032,Les Noces fabuleuses du Polonais (Best) (French Edition),2266267299,,FR 16136 B5,45,Main,3,Returned
5593200,The E-Myth Revisited: Why Most Small Businesses Don't Work and What to Do About It,0887307280,,BU 14006 B4,173,Main,1,Returned
5597418,Reflechissez Et Devenez Riche (Bien Etre) (French Edition),2290028827,,DP 19067 B7,676,Main,1,Returned
5619652,La science nous MENACE-t-elle ? (Les Petites Pommes du Savoir) (French Edition),2746501090,,FR 16073 B5,1090,Main,1,Returned
6521454,THOSE WHO INSPIRE ,,,PU 26008 B10,1362,Main,3,Returned
5614272,"Penguin Readers 4: Client, The Book & MP3 Pack",1408294257,,LA 17057 B5,981,Main,1,Returned
5593067,La vieille dame du riad (Best) (French Edition),2266227262,,FR 16076 B5,69,Main,1,Returned
5596004,Finance d'entreprise,,,EF 10010 B3,387,Main,1,Returned
5592964,La Peste (Folio Plus Classique) (French Edition),2070349578,,FR 16070 B5,16,Main,1,Returned
6217816,Lettres à Nour (Points) (French Edition),2757876988,,DP 19049 B7,1309,Main,1,Returned
5596614,MANAGEMENT D'UN PROJET SYSTEME D'INFORMATION,,,GI 12011 B4,434,Main,1,Returned
5593032,Les Noces fabuleuses du Polonais (Best) (French Edition),2266267299,,FR 16136 B5,46,Main,4,Returned
6809256,La Greve Des Battu (French Edition) (Motifs),226806879X,,FR 16205 B5,1402,Main,1,Returned
5614234,The Bourne Identity,140822108X,,LA 17071 B5,963,Main,1,Returned
5593183,S'organiser pour réussir (Alisio),2848992093,,DP 19072 B7,164,Main,1,Returned
6543824,Time Series Analysis and Its Applications: With R Examples (Springer Texts in Statistics),1461427592,,MA 6088 B3,1371,Main,1,Returned
5593341,La lecture rapide (Les Guides Buzan) (French Edition),2212552157,,FR 16067 B5,230,Main,1,Returned
5699929,Le jour où j'ai appris à vivre (Roman contemporain) (French Edition),2266258737,,FR 16092 B5,1177,Main,1,Overdue
6171353,La logique de la découverte scientifique (1_re_ed) - fermeture et bascule vers 9782228919173 (Essais payot) (French Edition),2228919179,,SH 18016 B6,1297,Main,1,Returned
6521497,Les secrets des entrepreneurs de la Silicon Valley: Innover pour devenir leader. (EYROLLES) (French Edition),2212563590,,BU 14004 B4,1347,Main,1,Returned
6913309,Méthodes de Monte-Carlo et processus stochastiques :: du linéaire au non linéaire,2730216162,,MA 6102 B3,1447,Main,1,Returned
6925434,"INDUSTRIE 4.0 : NOUVELLE DONNE INDUSTRIELLE, NOUVEAU MODELE ECONOMIQUE",2366090315,,GI 12029 B4,1449,Main,1,Returned
6839984,"FINANCE D'ENTREPRISE, Edition 2016 par Pascal Quiry et Yann le Fur",,,EF 10023 B3,1439,Main,1,Returned
6847904,Une Approche simple du calcul des structures par la méthode des éléments finis,286601197X,,PH 286 B1,1441,Main,1,Returned
5593584,La prière de l'absent (Points) (French Edition),2757853252,,FR 16072 B5,318,Main,1,Returned
5593180,Martingale Methods in Financial Modelling (Stochastic Modelling and Applied Probability (36)),3764359838,,EF 10016 B3,162,Main,1,Returned
6913315,"ERP et conduite des changements - 6ème édition - Alignement, sélection et déploiement: Alignement, sélection et déploiement",2100557483,,IT 8043 B3,1448,Main,1,Returned
5619836,L'Amour (French Edition),2070385531,,FR 16078 B5,1134,Main,1,Returned
6152628,The Bourne Supremacy / A Space Odyssey,1408231700,,LA 17004 B5,1234,Main,1,Returned
6809599,"Exponential organizations : why new organizations are ten times better, faster, and cheaper than yours (and what to do about it)",1626814236,,IT 8039 B3,1423,Main,1,Returned
5614228,The diary of a young girl (READERS NIVEAU 4) (French Edition),1405882123,,LA 17073 B5,959,Main,1,Returned
6152662,American Psycho,1447277708,,LA 17006 B5,1253,Main,1,Returned
5593090,La Bete et la Belle (Folio policier) (French Edition),2070793583,,FR 16056 B5,87,Main,1,Returned
6165780,Le Loup-Garou (Ldp Litterature) (French Edition),2253148539,,FR 16095 B5,1272,Main,1,Returned
5714433,Things Fall Apart,0385474547,,LA 17079 B5,1192,Main,1,Returned
6809623,"Processus métiers et S.I. - Gouvernance, management, modélisation - 3e édition: Gouvernance, management, modélisation (InfoPro) (French Edition)",2100569112,,IT 8029 B3,1433,Main,1,Returned
7317334,Mathématiques financières: Pour maîtriser les calculs financiers en finance et en gestion de l'entreprise,2297134908,,EF 10025 B3,1489,Main,1,Returned
5593035,Les Identites Meurtrieres (Ldp Litterature) (French Edition),2253150053,,FR 16133 B5,170,Main,3,Returned
5593251,"Gestion de projets culturels - Conception, mise en oeuvre, direction: Conception, mise en oeuvre, direction (Cursus) (French Edition)",2200613598,,GI 12008 B4,194,Main,1,Returned
5592933,ECONOMIE INTERNATIONALE 9E (ECO GESTION) (French Edition),2326000137,,EF 10006 B3,5,Main,1,Returned
5593385,An Introduction to Multivariate Statistical Analysis,0471360910,,MA 6007 B3,253,Main,1,Cancelled
6808885,Sciences des données (Collège de France) (French Edition),2213709734,,MA 6094 B3,1388,Main,1,Cancelled
5596684,10 raisons pour une transition energetique participative au maroc,,,EN 3001 B2,468,Main,1,Returned
5592941,The Theory of Incentives: The Principal-Agent Model,0691091846,,EF 10021 B3,10,Main,2,Returned
6217838,Hope is a decision : selected essays of Daisaku Ikeda.,,,LA 17020 B5,1325,Main,1,Overdue
5593124,eléments de micro-économie. théorie et applications - 8ème édition (PRÉCIS DOMAT),2707617326,,EF 10008 B3,121,Main,1,Returned
5614493,Analyse fonctionnelle - Théorie et applications: Théorie et applications (Sciences Sup) (French Edition),2100493361,,MA 6008 B3,1213,Main,2,Cancelled
6772116,"Quantitative Risk Management: Concepts, Techniques, and Tools (Princeton Series in Finance)",0691122555,,EF 10022 B3,1373,Main,1,Returned
5593049,Crime Et Chatiment (Ldp Classiques) (French Edition),2253082503,,FR 16028 B5,56,Main,1,Returned
5593035,Les Identites Meurtrieres (Ldp Litterature) (French Edition),2253150053,,FR 16133 B5,70,Main,2,Returned
6152641,A Little History of the World (Little Histories),030014332X,,LA 17003 B5,1242,Main,1,Returned
5593094,Comment Se Faire Des Amis (Le Livre de Poche) (French Edition),2253009105,,DP 19010 B7,143,Main,2,Returned
5714434,Maladie De L'Islam (Points essais) (English and French Edition),2020788470,,FR 16152 B5,1193,Main,1,Returned
5614062,La Vie de Galilée (Scène ouverte) (French Edition),2851812483,,FR 16075 B5,928,Main,1,Returned
5614221,Evening Class / Quentins,1405882158,,LA 17062 B5,953,Main,1,Returned
7152504,2018 Number 2 McKinsey Quarterly,,,PU 26033 B10,1467,Main,1,Returned
7152506,2017 Number 4 McKinsey Quarterly,,,PU 26034 B10,1468,Main,1,Returned
5619550,Exercices et problèmes de mécanique des solides et des structures: Applications à l'aéronautique et l'aérospatiale (Sciences Sup) (French Edition),2100567004,,PH 278 B1,1064,Main,1,Returned
6165821,Modélisation des bases de données: UML et les modèles entité-association (Noire) (French Edition),2212674872,,GI 12013 B4,1287,Main,1,Returned
5593140,Les quatre accords toltèques : La voie de la liberté personnelle (Poche: la voie de la liberté personnelle) (French Edition),2889116549,,DP 19047 B7,1187,Main,2,Returned
6152671,The War of the Worlds,1405865245,,LA 17077 B5,1259,Main,1,Returned
6165809,Le Proces (Ldp Litterature) (French Edition),2253150150,,FR 16104 B5,1277,Main,1,Returned
5593108,Les lois du chaos (Champs sciences (792)) (French Edition),2081214873,,FR 16135 B5,106,Main,1,Returned
6809613,Management des systèmes d'information 16e édition (ECO GESTION) (French Edition),2326002415,,IT 8025 B3,1429,Main,1,Overdue
5614085,Le racisme expliqué à ma fille,2021408086,,FR 16107 B5,934,Main,1,Returned
5614217,Dangerous Game (Penguin Longman Penguin Readers),140588181X,,LA 17012 B5,950,Main,1,Returned
5714440,The 7 Habits of Highly Effective People,1471195201,,DP 19078 B7,1197,Main,1,Returned
5593166,The 7 Habits of Highly Effective People,147112939X,,DP 19079 B7,157,Main,1,Returned
6152651,Sunset Park,0571258808,,LA 17066 B5,1246,Main,1,Returned
5593140,Les quatre accords toltèques : La voie de la liberté personnelle (Poche: la voie de la liberté personnelle) (French Edition),2889116549,,DP 19047 B7,136,Main,1,Returned
6809073,Man in the Dark,0571240755,,LA 17085 B5,1393,Main,1,Overdue
6152660,"Influence: The Psychology of Persuasion, Revised Edition",006124189X,,DP 19027 B7,1252,Main,1,Overdue
6913242,Les référentiels du système d'information - Données de référence et et architectures d'entreprise: Données de référence et architectures d'entreprise,2100598740,,IT 8042 B3,1446,Main,1,Returned
6808885,Sciences des données (Collège de France) (French Edition),2213709734,,MA 6094 B3,1388,Main,1,Returned
5593086,The Big Book of Simulation Modeling: Multimethod Modeling with Anylogic 6,0989573176,,GI 12022 B4,84,Main,1,Returned
5595998,Économie du développement ,,,EF 10005 B3,383,Main,1,Returned
5614074,Les Soleils des Independences (French Edition),2020259214,,FR 16137 B5,932,Main,1,Returned
5613926,Philosophie Et Ideologies Trans/Posthumanistes (Pour Demain) (French Edition),2711627853,,PI 21017 B8,893,Main,1,Returned
5614536,L'apprentissage de l'imperfection (Evol - dev't personnel) (French Edition),2266210572,,DP 19037 B7,1044,Main,1,Returned
5593155,The power of habit : why we do what we do and how to change,,,DP 19084 B7,149,Main,1,Returned
6171345,Introduction à l'éthique (Quadrige Manuels) (French Edition),2130632610,,SH 18013 B6,1292,Main,1,Returned
6230737,Ethique Aujourd Hui (Folio Essais) (French Edition),207034357X,,SH 18009 B6,1326,Main,1,Returned
5593027,"Cessez d'être gentil, soyez vrai! (edition illustree) (French Edition)",2761938828,,DP 19006 B7,980,Main,2,Overdue
5593392,Forme et origine de l'Univers - Regards philosophiques sur la cosmologie: Regards philosophiques sur la cosmologie (UniverSciences) (French Edition),2100547836,,PI 21007 B8,257,Main,1,Returned
6165811,Voyage Au Bout De LA Nuit (Folio Plus Classique) (English and French Edition),2070336867,,FR 16197 B5,1279,Main,1,Returned
6137167,Dans Les Bois Eternels (Nouveau Policier) (French Edition),2290017736,,FR 16030 B5,1223,Main,1,Returned
5593157,L'Eudemonisme social T05 (Ldp Bib.Essais) (French Edition),2253084549,,PI 21009 B8,150,Main,1,Returned
5593433,OPTIONS FUTURES & AUT. ACTIFS DERIVES 9E (ECO GESTION) (French Edition),2326000498,,EF 10019 B3,429,Main,2,Returned
5613962,Khalil (Best) (French Edition),2266291661,,FR 16054 B5,902,Main,1,Returned
6521552,PORT TANGER,,,PU 26007 B10,1358,Main,1,Returned
6521552,PORT TANGER,,,PU 26007 B10,1359,Main,3,Returned
5595986,Introduction à la microéconomie ,,,EF 10013 B3,374,Main,1,Issued
5593094,Comment Se Faire Des Amis (Le Livre de Poche) (French Edition),2253009105,,DP 19010 B7,90,Main,1,Returned
6165798,L'Ève future (Littérature et civilisation) (French Edition),2081223376,,FR 16141 B5,1276,Main,1,Issued
5593375,"Discours de la méthode: pour bien conduire sa raison, et chercher la vérité dans les sciences (Philosophie)",2290075310,,FR 16039 B5,244,Main,1,Issued
5593319,Le Boson et le Chapeau Mexicain (Folio essais) (French Edition),2070355497,,FR 16082 B5,217,Main,1,Returned
5592941,The Theory of Incentives: The Principal-Agent Model,0691091846,,EF 10021 B3,9,Main,1,Returned
6521454,THOSE WHO INSPIRE ,,,PU 26008 B10,1342,Main,1,Issued
6521454,THOSE WHO INSPIRE ,,,PU 26008 B10,1361,Main,2,Issued
5593032,Les Noces fabuleuses du Polonais (Best) (French Edition),2266267299,,FR 16136 B5,44,Main,2,Issued
5593035,Les Identites Meurtrieres (Ldp Litterature) (French Edition),2253150053,,FR 16133 B5,47,Main,1,Returned
6521552,PORT TANGER,,,PU 26007 B10,1358,Main,1,Issued
5593094,Comment Se Faire Des Amis (Le Livre de Poche) (French Edition),2253009105,,DP 19010 B7,90,Main,1,Issued
5593319,Le Boson et le Chapeau Mexicain (Folio essais) (French Edition),2070355497,,FR 16082 B5,217,Main,1,Issued
5592941,The Theory of Incentives: The Principal-Agent Model,0691091846,,EF 10021 B3,9,Main,1,Issued
5613926,Philosophie Et Ideologies Trans/Posthumanistes (Pour Demain) (French Edition),2711627853,,PI 21017 B8,893,Main,1,Cancelled
5593193,Les Dieux Voyagent Toujours Incognito (Best) (French Edition),2266219154,,FR 16128 B5,169,Main,1,Returned
5593316,Dora Bruder (Folio (Gallimard)) (French Edition),2070408485,,FR 16041 B5,211,Main,1,Returned
5593052,le temps existe-t-il,2746500183,,PI 21012 B8,59,Main,1,Returned
5595983,"Act like a leader, think like a leader",,,DP 19001 B7,372,Main,1,Returned
5593029,Un cerveau pour changer (Evol - dev't personnel) (French Edition),2266175998,,DP 19087 B7,41,Main,1,Returned
6137166,Ceux Qui Vont Mourir Te Saluent (Nouveau Policier) (French Edition),2290351288,,FR 16022 B5,1222,Main,1,Returned
6217835,L'analphabete: Recite Autobiographique (Zoé) (French Edition),2881825125,,FR 16079 B5,1322,Main,1,Returned
5614270,La Petite Fille De Monsieur Linh (Le Livre de Poche) (French Edition),2253115541,,FR 16071 B5,979,Main,1,Returned
5614475,Esprits rebelles (La Petite Collection (330)) (French Edition),2842055705,,FR 16043 B5,1002,Main,1,Returned
5593595,Cosmologie - Des fondements théoriques aux observations: Des fondements théoriques aux observations (SAVOIRS ACTUELS) (French Edition),2868839541,,FR 16026 B5,331,Main,1,Returned
6217829,Petit Piment (Points) (French Edition),2757861883,,FR 16170 B5,1318,Main,1,Returned
6847913,Modélisation et simulation des méthodes de Monte Carlo (OMN.UNIV.EUROP.) (French Edition),6202273666,,MA 6101 B3,1444,Main,1,Overdue
5593046,Le Rouge Et Le Noir,2253006203,,FR 16109 B5,1221,Main,2,Returned
5593099,Stupeur Et Tremblements,2253150711,,FR 16188 B5,96,Main,1,Returned
5593026,Les visages de l'ombre (Folio policier) (French Edition),2070463591,,FR 16139 B5,38,Main,1,Returned
6847913,Modélisation et simulation des méthodes de Monte Carlo (OMN.UNIV.EUROP.) (French Edition),6202273666,,MA 6101 B3,1444,Main,1,Returned
6152647,Rue des Voleurs (Babel) (French Edition),233002861X,,FR 16181 B5,1244,Main,1,Returned
5593046,Le Rouge Et Le Noir,2253006203,,FR 16109 B5,54,Main,1,Returned
5593375,"Discours de la méthode: pour bien conduire sa raison, et chercher la vérité dans les sciences (Philosophie)",2290075310,,FR 16039 B5,244,Main,1,Returned
6809588,"The Organisation of Tomorrow: How AI, blockchain and analytics turn your business into a data organisation",0367234718,,IT 8035 B3,1419,Main,1,Returned
5592876,Central Park (edition poche) (Best) (French Edition),2266258486,,FR 16020 B5,2,Main,1,Returned
5614213,L3: Return Sherlock Holmes (2nd Edition) (Penguin Readers: Level 3),1405855479,,LA 17031 B5,949,Main,1,Returned
6933448,Sauve-moi (French Edition),2845632193,,"FR 16208 B5
",1456,Main,1,Returned
5593262,physique quantique t1 3ed (SAVOIRS ACTUELS),2759808033,,PH 1414 B1,199,Main,1,Returned
5593378,Maîtriser les progiciels ERP (GESTION G),2717867996,,IT 8011 B3,247,Main,1,Returned
5596012,Macroéconomie,,,EF 10015 B3,430,Main,3,Returned
6171367,"Mécanique pour l'ingénieur - Milieux continus, fluides, solides indéformables, structures: Milieux continus, fluides, solides indéformables, structures - Cours et exercices corrigés (Sciences Sup)",2100806661,,PH 269 B1,1305,Main,1,Returned
5614519,Physique quantique (nouvelle édition) (SAVOIRS ACTUELS) (French Edition),2868839983,,PH 1413 B1,1028,Main,1,Returned
5985073,Le Cerveau funambule: Comprendre et apprivoiser son attention grâce aux neurosciences (OJ.SCIENCES) (French Edition),2738132553,,DP 19038 B7,1220,Main,1,Overdue
5593184,La Boîte à outils de la Gestion des conflits (BàO La Boîte à Outils),2100754734,,DP 19028 B7,165,Main,1,Overdue
5593181,La Boîte à outils de la gestion du stress (BàO La Boîte à Outils) (French Edition),2100758322,,DP 19029 B7,163,Main,1,Overdue
5593570,La théorie de la relativité restreinte et générale - 2e éd. (IDEM) (French Edition),2100584170,,PH 1890 B1,304,Main,1,Returned
5613971,Qu'est-ce Que La Bioethique? (Chemins Philosophiques) (French Edition),2711616878,,PI 21018 B8,905,Main,1,Cancelled
5593436,La place de L'étoile (Folio) (French Edition),2070366987,,FR 16171 B5,299,Main,1,Returned
5593380,Mind Map: Dessine-moi l'intelligence. (Les Guides Buzan) (French Edition),2212553315,,DP 19055 B7,248,Main,1,Returned
6165773,Vous n'aurez pas ma haine (Litterature & Documents) (French Edition),2253132039,,DP 19088 B7,1271,Main,1,Returned
5593198,L'Ombre du Vent (Le cimetiere des livres oublies) (French Edition),2266233998,,FR 16148 B5,172,Main,1,Returned
5593035,Les Identites Meurtrieres (Ldp Litterature) (French Edition),2253150053,,FR 16133 B5,209,Main,5,Returned
5593298,MILLENIUM 3  LA REINE DANS LE PALAIS DES COURANTS D'AIR BABEL NOIR,2330014422,,FR 16156 B5,201,Main,1,Returned
5614239,Braveheart READERS (READERS NIVEAU 3) (French Edition),1405881771,,LA 17010 B5,968,Main,1,Returned
6230738,freedom,1250000017,,LA 17016 B5,1327,Main,1,Returned
6152624,"Level 5: The Story of the Internet (2nd Edition) (Penguin Readers, Level 5)",1405882522,,LA 17048 B5,1231,Main,1,Returned
5593032,Les Noces fabuleuses du Polonais (Best) (French Edition),2266267299,,FR 16136 B5,43,Main,1,Returned
6217828,Tunnel(le) (Points) (French Edition),2020239280,,FR 16191 B5,1317,Main,1,Returned
5614284,The Art of War/The Book Of Lord Shang (Wordsworth Classics of World Literature),1853267791,,LA 17069 B5,991,Main,1,Returned
5614530,Who Moved My Cheese?: An A-Mazing Way to Deal with Change in Your Work and in Your Life,0091816971,,DP 19089 B7,1037,Main,1,Reserved
5593013,"Physique, Philosophie, Politique (Points sciences) (French Edition)",2020396580,,PH 1875 B1,28,Main,1,Reserved
5614274,La Prière de l'absent (Points) (French Edition),2020319853,,FR 16072 B5,983,Main,1,Cancelled
6521511,LES 5 CLES POUR REUSSIR SES CARRIERES (EXPERTISES) (French Edition),2916831266,,DP 19045 B7,1349,Main,1,Reserved
5593594,Apprendre à développer un site web avec PHP et MySQL - Exercices pratiques et corrigés (3ième édition),2746098261,,IT 8003 B3,330,Main,1,Returned
6230744,A Probabilistic Theory of Pattern Recognition (Stochastic Modelling and Applied Probability),0387946187,,MA 6002 B3,1331,Main,1,Cancelled
5593078,Choose Yourself!,1490313370,,DP 19007 B7,78,Main,1,Returned
5614525,Operations and Supply Chain Management,1259666107,,GI 12014 B4,1033,Main,1,Cancelled
5863162,Exercices et problèmes résolus de recherche opérationnelle - Tome 3 - 2ème édition (Exercices et problèmes résolus de recherche opérationnelle (3)),2100076787,,MA 6032 B3,1209,Main,1,Returned
5667433,production de l'energie à partir de source solaire,,,EN 3008 B2,1168,Main,1,Returned
6521454,THOSE WHO INSPIRE ,,,PU 26008 B10,1342,Main,1,Returned
5596627,You can change the world : the secret to reach success and leave a legacy in 3 iterations,,,DP 19091 B7,435,Main,1,Returned
5593197,Gargantua (Folio Plus Classique) (French Edition),207031510X,,FR 16049 B5,171,Main,1,Returned
6521491,L'art de l'enchantement (French Edition),235456029X,,BU 14002 B4,1346,Main,1,Returned
5614245,Level 4: King Solomon's Mines (2nd Edition) (Penguin Readers),140586513X,,LA 17041 B5,973,Main,1,Returned
5595988,objectifs et conception d'une base de données,2901001041,,IT 8014 B3,376,Main,1,Returned
6217832,Théorème de Gödel (Points sciences) (French Edition),2020327783,,FR 16189 B5,1320,Main,1,Returned
5614238,Amistad,1405881747,,FR 16013 B5,967,Main,1,Returned
5593299,MILLENIUM T 2 ; LA FILLE QUI REVAIT D'UN BIDON D'ESSENCE ET D'UNE ALLUMETTE,2742797874,,FR 16157 B5,202,Main,1,Returned
6152660,"Influence: The Psychology of Persuasion, Revised Edition",006124189X,,DP 19027 B7,1252,Main,1,Returned
5614536,L'apprentissage de l'imperfection (Evol - dev't personnel) (French Edition),2266210572,,DP 19037 B7,1190,Main,2,Returned
5593303,MILLENIUM T1 LES HOMMES QUI N'AIMAIENT PAS LES FEMMES BABEL NOIR 37,2330004990,,FR 16158 B5,204,Main,1,Returned
5593227,Le Pere Goriot (French Edition),2070409341,,FR 16100 B5,186,Main,1,Returned
5614209,"L3: Martin Luther King (2nd Edition) (Penguin Readers, Level 3)",1405881941,,LA 17030 B5,947,Main,1,Returned
5619746,Statistics,,,MA 6080 B3,1108,Main,1,Returned
5593163,Introduction to the Mathematics of Finance: From Risk Management to Options Pricing (Undergraduate Texts in Mathematics),0387213643,,MA 6045 B3,154,Main,1,Returned
6217822,Le moine qui vendit sa Ferrari (French Edition),2892257050,,DP 19039 B7,1314,Main,1,Returned
5593027,"Cessez d'être gentil, soyez vrai! (edition illustree) (French Edition)",2761938828,,DP 19006 B7,39,Main,1,Overdue
5593226,"HBR's 10 Must Reads on Managing Yourself (with bonus article ""How Will You Measure Your Life?"" by Clayton M. Christensen)",1422157997,,DP 19020 B7,185,Main,1,Returned
5667421,"SQL pour Oracle: Applications avec Java, PHP et XML. Optimisation des requêtes et schémas. Avec 50 exercices corrigés. (Noire) (French Edition)",2212141564,,IT 8020 B3,1165,Main,1,Returned
5592931,Microeconomics of Banking (The MIT Press),0262062704,,EF 10017 B3,3,Main,1,Returned
5593032,Les Noces fabuleuses du Polonais (Best) (French Edition),2266267299,,FR 16136 B5,213,Main,8,Returned
5614551,Comment leur dire... La Process Communication - 2e éditiion (Développement personnel et accompagnement),2729610588,,DP 19009 B7,1056,Main,1,Returned
5593032,Les Noces fabuleuses du Polonais (Best) (French Edition),2266267299,,FR 16136 B5,44,Main,2,Returned
5614084,Les cinq blessures qui empechent d'être soi-meme (Evol - dev't personnel) (French Edition),2266229486,,DP 19046 B7,933,Main,1,Returned
5593222,Les ressources insoupconnées de la colère (Pratiques),2883539774,,DP 19048 B7,183,Main,1,Returned
5593222,Les ressources insoupconnées de la colère (Pratiques),2883539774,,DP 19048 B7,272,Main,2,Returned
5593027,"Cessez d'être gentil, soyez vrai! (edition illustree) (French Edition)",2761938828,,DP 19006 B7,39,Main,1,Returned
5596644,Algèbre,,,MA 6006 B3,445,Main,1,Returned
5593425,Recherche opérationnelle: Aspects mathématiques et applications (ECOLE POLYTECHNIQUE) (French Edition),2730216413,,GI 12018 B4,288,Main,1,Returned
5714431,Homme Qui Voulait Etre Heureux (Roman contemporain) (French Edition),2266186671,,FR 16053 B5,1188,Main,1,Returned
5593038,Les Frères Karamazov (Folio (Gallimard)) (French Edition),2070389626,,FR 16131 B5,50,Main,1,Returned
5619560,Data Analysis and Regression: A Second Course in Statistics,020104854X,,IT 8007 B3,1069,Main,1,Returned
5593027,"Cessez d'être gentil, soyez vrai! (edition illustree) (French Edition)",2761938828,,DP 19006 B7,980,Main,2,Returned
6165772,Une Si Longue Lettre,2842612892,,FR 16196 B5,1270,Main,1,Returned
5613935,ANIMA BABEL 1261 (NE),2330052960,,FR 16014 B5,895,Main,1,Returned
5593151,Le Gout De Vivre (Documents) (French Edition),2253166596,,FR 16090 B5,145,Main,1,Returned
5614542,Les Echelles du Levant (French Edition),225314424X,,FR 16129 B5,1049,Main,1,Returned
6152638,Le miracle Spinoza: Une philosophie pour éclairer notre vie (Documents) (French Edition),2253091936,,PI 21011 B8,1240,Main,1,Returned
6242055,CentraleSupelec - Inventeur d'ingénieurs (French Edition),2749165482,,PU 26011 B10,1332,Main,1,Returned
5613918,A quoi rêvent les loups ? (Best) (French Edition),2266200860,,FR 16006 B5,891,Main,1,Returned
5593100,How Will You Measure Your Life?,0007449151,,DP 19025 B7,97,Main,1,Returned
5613971,Qu'est-ce Que La Bioethique? (Chemins Philosophiques) (French Edition),2711616878,,PI 21018 B8,905,Main,1,Returned
5614539,Soeurs (Le Théâtre d'Actes Sud-Papiers) (French Edition),2330047010,,FR 16185 B5,1047,Main,1,Returned
5613971,Qu'est-ce Que La Bioethique? (Chemins Philosophiques) (French Edition),2711616878,,PI 21018 B8,912,Main,2,Returned
5593032,Les Noces fabuleuses du Polonais (Best) (French Edition),2266267299,,FR 16136 B5,319,Main,9,Returned
5614554,La Boîte à outils de l'intelligence collective (BàO La Boîte à Outils),2100739468,,DP 19031 B7,1058,Main,1,Returned
6171358,"The 4-Hour Workweek: Escape 9-5, Live Anywhere, and Join the New Rich",0307465357,,DP 19077 B7,1300,Main,1,Returned
5699929,Le jour où j'ai appris à vivre (Roman contemporain) (French Edition),2266258737,,FR 16092 B5,1177,Main,1,Returned
5613976,Belle Du Caire (Folio) (French Edition),2070416860,,FR 16015 B5,906,Main,1,Returned
5592974,PLPR5 Jamaica Inn (Penguin Longman Penguin Readers),1405862572,,LA 17060 B5,18,Main,1,Returned
5593136,Zero To One,0753555204,,DP 19092 B7,133,Main,1,Returned
5614270,La Petite Fille De Monsieur Linh (Le Livre de Poche) (French Edition),2253115541,,FR 16071 B5,979,Main,1,Cancelled
5593424,Probabilités pour les sciences de l'ingénieur - Cours et exercices corrigés: Cours et exercices corrigés (Sciences Sup) (French Edition),2100596152,,MA 6071 B3,286,Main,1,Cancelled
5596012,Macroéconomie,,,EF 10015 B3,431,Main,4,Returned
5614532,Le philosophe qui n'etait pas sage (Best) (French Edition),2266234870,,FR 16103 B5,1040,Main,1,Returned
5593072,Taste and Other Tales READERS (READERS NIVEAU 4) (French Edition),1405882549,,LA 17068 B5,74,Main,1,Returned
5597284,Quantum Field Theory ,,,PH 1434 B1,597,Main,1,Returned
5593568,Relativité générale (Physique) (French Edition),2804101266,,PH 1880 B1,302,Main,1,Returned
5593139,PHP 7 : Développez un site web dynamique et interactif,2746099241,,IT 8016 B3,135,Main,1,Returned
5592985,Qu'y a-t-il dans un REACTEUR nucléaire,,,FR 16178 B5,20,Main,1,Returned
5593424,Probabilités pour les sciences de l'ingénieur - Cours et exercices corrigés: Cours et exercices corrigés (Sciences Sup) (French Edition),2100596152,,MA 6071 B3,286,Main,1,Returned
5714514,"LE DEUXIEME SEXE , 1",,,FR 16086 B5,1203,Main,1,Returned
5613077,Introduction to Solid State Physics- THIRD EDITION,,,PH 1407 B1,772,Main,1,Returned
5613938,L'Urgence africaine: Changeons le modèle de croissance! (OJ.ECONOMIE) (French Edition),273814893X,,FR 16151 B5,896,Main,1,Returned
5592931,Microeconomics of Banking (The MIT Press),0262062704,,EF 10017 B3,12,Main,2,Returned
5595957,la boite à outils du : marketing de soi,,,DP 19033 B7,356,Main,1,Cancelled
5593076,La science selon Henri Poincaré: La science et l'hypothèse - La valeur de la science - Science et méthode (IDEM) (French Edition),2100702343,,SH 18022 B6,76,Main,1,Returned
5593032,Les Noces fabuleuses du Polonais (Best) (French Edition),2266267299,,FR 16136 B5,92,Main,6,Returned
5593032,Les Noces fabuleuses du Polonais (Best) (French Edition),2266267299,,FR 16136 B5,128,Main,7,Returned
5593035,Les Identites Meurtrieres (Ldp Litterature) (French Edition),2253150053,,FR 16133 B5,214,Main,6,Returned
5593032,Les Noces fabuleuses du Polonais (Best) (French Edition),2266267299,,FR 16136 B5,58,Main,5,Returned
5593407,Pouvoir Illimite (Aventure Secrete) (French Edition),2290008559,,DP 19062 B7,271,Main,1,Returned
5614274,La Prière de l'absent (Points) (French Edition),2020319853,,FR 16072 B5,983,Main,1,Returned
5593316,Dora Bruder (Folio (Gallimard)) (French Edition),2070408485,,FR 16041 B5,211,Main,1,Cancelled
5593048,Le Monde De Sophie: Roman Sur L'histoire De La Philosophie (Points (Editions Du Seuil)) (French Edition),2020550768,,FR 16097 B5,55,Main,1,Returned
5593035,Les Identites Meurtrieres (Ldp Litterature) (French Edition),2253150053,,FR 16133 B5,188,Main,4,Returned
5614476,Qu Est Ce Que Le Pragmatisme (Folio Essais) (French Edition),2070396045,,FR 16174 B5,1003,Main,1,Returned
5593021,Les Combustibles (Le Livre de Poche) (French Edition),2253139467,,FR 16124 B5,33,Main,1,Returned
5593026,Les visages de l'ombre (Folio policier) (French Edition),2070463591,,FR 16139 B5,38,Main,1,Cancelled
5714431,Homme Qui Voulait Etre Heureux (Roman contemporain) (French Edition),2266186671,,FR 16053 B5,1188,Main,1,Cancelled
5593095,Eugénie Grandet (French Edition),2070465586,,FR 16044 B5,91,Main,1,Returned
5714472,LE PROPHETE,,,FR 16105 B5,1201,Main,1,Returned
5597049,the art of scientific investigation,3947012891,,SH 18039 B6,540,Main,1,Returned
5593401,THE SIX SIGMA WAY : How to Maximize the Impact of Your Change and Improvement Efforts,,,GI 12024 B4,266,Main,1,Cancelled
5907762,"HBR's 10 Must Reads on Leadership (with featured article ""What Makes an Effective Executive,"" by Peter F. Drucker)",1422157970,,DP 19019 B7,1217,Main,1,Cancelled
5714423,Make Your Bed: Small things that can change your life... and maybe the world,0718188861,,DP 19053 B7,1181,Main,1,Cancelled
5593436,La place de L'étoile (Folio) (French Edition),2070366987,,FR 16171 B5,299,Main,1,Cancelled
5595990,Presence ,,,DP 19065 B7,377,Main,1,Returned
5714428,L'Alchimiste: Roman (French Edition),2290004448,,FR 16077 B5,1185,Main,1,Cancelled
5614243,"L2: American Life (2nd Edition) (Penguin Readers, Level 2)",1405881550,,LA 17029 B5,972,Main,1,Overdue
5614279,"Inventions that Changed the World, Level 4",1405882239,,LA 17025 B5,987,Main,1,Returned
5614230,Level 2: The Scarlett Letter (2nd Edition) (Penguin Readers: Level 2),1405855347,,LA 17036 B5,961,Main,1,Returned
5714432,"Soufi, mon amour (Littérature étrangère) (French Edition)",2264054069,,FR 16187 B5,1189,Main,1,Returned
5592962,The Four Steps to the Epiphany,0989200507,,DP 19081 B7,15,Main,1,Returned
5805080,L'Empire Des Anges (Le Livre de Poche) (French Edition),2253152072,,FR 16115 B5,1207,Main,1,Returned
5714423,Make Your Bed: Small things that can change your life... and maybe the world,0718188861,,DP 19053 B7,1181,Main,1,Returned
5714424,"Mathnawî, la quête de l'Absolu T1: Tomes 1, Livres I à III (Beaux Livres) (French Edition)",2268075540,,FR 16154 B5,1182,Main,1,Returned
5614530,Who Moved My Cheese?: An A-Mazing Way to Deal with Change in Your Work and in Your Life,0091816971,,DP 19089 B7,1037,Main,1,Returned
5614482,Probability: Theory and Examples (Cambridge Series in Statistical and Probabilistic Mathematics),1108473687,,MA 6072 B3,1007,Main,1,Returned
5614545,Counterexamples in Analysis (Dover Books on Mathematics),0486428753,,MA 6020 B3,1052,Main,1,Returned
5593030,Pars Vite Et Reviens Tard (Nouveau Policier) (French Edition),2290349313,,FR 16168 B5,42,Main,1,Returned
5613956,"Imparfaits, libres et heureux: Pratiques de l'estime de soi (OJ.POCHE PSYCHO) (French Edition)",2738122299,,DP 19026 B7,901,Main,1,Returned
5593585,1984 (Folio) (French Edition),207036822X,,FR 16002 B5,320,Main,1,Cancelled
5593076,La science selon Henri Poincaré: La science et l'hypothèse - La valeur de la science - Science et méthode (IDEM) (French Edition),2100702343,,SH 18022 B6,103,Main,2,Returned
5593184,La Boîte à outils de la Gestion des conflits (BàO La Boîte à Outils),2100754734,,DP 19028 B7,165,Main,1,Returned
5619835,Un Lieu Incertain (French Edition),2253161780,,FR 16192 B5,1133,Main,1,Returned
5614085,Le racisme expliqué à ma fille,2021408086,,FR 16107 B5,1205,Main,2,Returned
5614538,The Night Manager,0141393017,,LA 17054 B5,1046,Main,1,Returned
5593325,Cold Mountain,1405882417,,LA 17011 B5,220,Main,1,Returned
5595979,Organisez vos projets avec le mind mapping,,,DP 19059 B7,371,Main,1,Returned
5714512,"LE DEUXIEME SEXE , 2",,,FR 16087 B5,1202,Main,1,Returned
5593218,"Act Like a Success, Think Like a Success: Discovering Your Gift and the Way to Life's Riches",0062220330,,DP 19002 B7,181,Main,1,Cancelled
5593377,Mécanique des milieux continus : Tome 1 : Concepts généraux (1Cédérom),2730212450,,PH 258 B1,325,Main,2,Cancelled
5619722,M'HASCHICH,,,FR 16155 B5,1099,Main,1,Returned
5613229,Mirror for man,,,LA 17050 B5,828,Main,1,Returned
5596684,10 raisons pour une transition energetique participative au maroc,,,EN 3001 B2,468,Main,1,Cancelled
5614289,Introduction à l'analyse numérique matricielle et à l'optimisation - 5ème édition (Sciences Sup) (French Edition),2100508083,,MA 6043 B3,995,Main,1,Returned
5614278,Of mice and men,,,LA 17055 B5,986,Main,1,Returned
5627413,The New One Minute Manager (The One Minute Manager-updated),8172234996,,DP 19083 B7,1159,Main,1,Cancelled
5593336,Méthodes numériques et optimisation : Théorie et pratique pour l'ingénieur,2743013176,,MA 6056 B3,228,Main,1,Cancelled
5593027,"Cessez d'être gentil, soyez vrai! (edition illustree) (French Edition)",2761938828,,DP 19006 B7,39,Main,1,Cancelled
5593116,Le must de l innovation (LES CAHIERS HARVARD) (French Edition),2810422672,,BU 14003 B4,115,Main,1,Cancelled
5597072,Introductory Physics (A SUPPRIMER),,,DM 27041 B9,554,Main,1,Cancelled
