Member No,Member Name,Member Group ID,Member Group
100601,DIESSONGOSadath,,
100358,BENTAHAR SAAD,,
100012,AKAKPO Augustin,,
100530,LAFKAIHIEL MEHDI,,
A51,DAHAOUI Ilyas,,
970799,YARGA Tigbialimanu Cynthia,23452.0,B
970793,EGUEH Admirable Evénougnin Mawulonmi Yesugnon,23452.0,B
970798,MALLA POUFONG Sonita,23452.0,B
970787,SAKPLETO Yao Emmanuel Marie,23452.0,B
970788,FANKOU KAMTA Inge Farida,23452.0,B
970779,AGBEDJINOU Kossivi Hyacinthe,23452.0,B
970797,DIOUF Tamsir Ababacar,23452.0,B
970784,OUEDRAOGO Martin Hyacinthe,23452.0,B
100589,LEMOUAKNIOUMAMA,,
970794,OUEDRAOGO Abdoul-Rahoufou,23452.0,B
100439,VANIE Emmanuella Romualde,,
100508,ARBAOUIAMINE,,
970785,ZOUNGRANA Daniela Wend-Pouire Grace,23452.0,B
970791,SOMA Doumbo Ina Fatima,23452.0,B
100621,AGOSSOU Ayedoun regis Herman,,
A129,MOULANE Zineb,,
A150,RAHIOUI Lamyae,,
A73,EL KOUHAILI Hajar,,
100389,ET-TAHRI Oumaima,,
A19,BADIANE Fulgence Alphonse,,
100527,HAJJIBILAL,,
A29,BENMIMOUN Oussama,,
970782,KOUA Youa Angela Eloise,23452.0,B
970790,NIGNAN Aïda Hulda Héléna,23452.0,B
970800,OUEDRAOGO Wendyam Floriane Bernadine Audrey,23452.0,B
A146,OUSMANE BAWA GAOH Aminatou,,
100510,OUAFKIANAS,,
100523,KHALDOUNEBADR,,
A20,BADIS Meriem,,
100435,TICHICHTE Yassine,,
100445,ZOHOUNVO Vignon Francis,,
970780,NITIEMA Aguiratou,23452.0,B
A175,ZAGBAÏ Mona Levi,,
100130,PARE Lawali Ridwan,,
100348,BAGAGNAN Abdoul Ganihou,,
100563,ARIFALLAHLAMIAE,,
A126,MEZIANY Imane,,
A95,HAJJI Oussama,,
A145,OULKHIR Ahmed Ismail,,
100415,NAITBOURHIM Oussama,,
100531,BAKKASFATIMA,,
A94,HAJJI Nassim,,
A55,DHIMEN Aymane,,
A147,OUTAABOUT Mohamed,,
100518,ENNAJAHAYOUB,,
A153,R'BIB Marouane,,
A172,YAKHOU Yousra,,
A66,EL BOUMASHOULI Hiba,,
100576,FOUSSHIMOHAMED REDA,,
100026,AZIZI Reda,,
100409,MIRINIOUI Othmane,,
100622,DEFFON Dèkpé Josias,,
100600,ER-ROUGUISAÂD,,
100420,OUEDRAOGO Mangamoogo Phil Jacq,,
A39,BOUGMA Gueswinde Salfo,,
100307,Mohamed ZEDDOU,,
100528,CHARRADIDOHA,,
100640,Oukad Youssef,,
A79,EL YOUBI Asmae,,
100615,EL FENNIYOUNESS,,
100521,SBAIAYOUB,,
A158,SAMBA Khalil,,
A142,OUEDRAOGO Farida,,
100507,ADLANEAMINE,,
100504,KHAOUIDAIMEN,,
100498,ELMEKHTOUMEABDELLAH,,
A99,JANATI IDRISSI Mehdi,,
100461,Moukhtari Fatima-Ezzahra,,
A48,CHTIOUI Rime,,
100529,EL GUIDERDOHA,,
A102,KANAZOE Issiaka,,
A125,MEA Mounou Akoua Grace-Marie,,
A26,BEN KABOUR Fadoua,,
100533,M'BIRIKHAITAM,,
A33,BICHRI Imane,,
100494,ASSMINA Fatima Zahra,,
100607,COMPAOREWendmi Tobi Luzine Fasise,,
4,Aymen LAMANE,,
100566,BENGHAZALAMADANI,,
100506,DOUALIAMINA,,
A141,OUEDRAOGO Aboubakar,,
A27,BENHADAR Najwa,,
100503,EZ-ZAHIRADAM,,
100602,OUMAIMASALAH-EDDINE,,
100625,Alpha Mohamed  Kaba,,
A107,KHALI Mohammed Adam,,
A161,SELLAKH Jaafar,,
A154,SAADAOUI Wadiaa,,
A121,MANSOUR Doha,,
100059,EL KALAI Afaf,,
100514,KAMALAYA,,
100536,BEN DAOUD HAMZA,,
100551,CHAOUKIIMAD,,
100293,Fouad Riane,,
100617,BOUTALEBZINEB,,
100596,BELHAIDRAJAE,,
100637,OKA  Sima Ivan Seth-Anderson,,
100371,DIABATE Raïs Moustapha Abdou Nassir,,
100594,N'WEBIDAPIDASSAA FRANCOIS,,
,,,
100441,YAO Kobenan Alain Cedric,,
100447,Aabaoui Youness,,
100401,KORA Yannik Hubert Koto,,
100413,MOUSSA Salimou,,
100641,Youssef Ousguine,,
100673,Soufiane EL BECHARI,,
100450,Baine Bouchaib,,
100350,BALLOUCH Wafa,,
100349,BALDE Souleymane,,
100427,SAIDI Aya,,
100553,GAROIDEIMANE,,
100505,AIT ZAOUITALAA EDDINE,,
100612,EL MANSOURIYASMINE,,
100359,BERE Sidbe Dimdolomsom,,
100380,EL IDRISSI Khaoula,,
100497,EL OUAFIABDELKARIM,,
100442,ZAMPOU Rahim Fabrice Kevin,,
100363,BOUSSATTINE Fatine,,
100400,KONFE Rimda Abel Isaac,,
100438,TOURE Ibrahim,,
100512,DAZZAZIASMAA,,
100635,KONE Karamoko Sékou,,
100347,BA Oumou Kelthoum,,
100351,BAMBA Mohamed Lamine,,
100674,Soukaina Lakrati,,
100402,KOUASSI Akpossan Joel,,
100588,MORTAJIOUMAIMA,,
100647,Othmane Belghazi,,
100355,BELMADY Abdellatif,,
100331,ABBADI Khaoula,,
100372,DRIBINE Hamza,,
100396,HASNABI Mohamed Amine,,
100419,OGODJA Ayodélé Joseph Fernand,,
100460,Marani Badr-Eddine,,
100381,EL LAMTI Yassine,,
100443,ZARYOUHI Soukaina,,
100411,MOUDIRI Amine,,
100490,Sabah BELIL ,,
100560,BOUKOUMASSKhadija,,
100335,AIT HAJJOUB Mohamed,,
100386,ENNAGACH Ayoub,,
100394,HAJJINI Hamza,,
100583,OUALINAJWA,,
100448,Abouammar Oussama,,
100456,El Quazbari Hakima,,
100357,BENNOUNES Fatima Ez Zahrae,,
100333,ABOUA Aka Vincent Raoul,,
100062,ELBARHICHI Nassima,,
100332,ABID Aziz,,
100137,SANOGO Telman Drissa,,
100308,Mohammed Boubou,,
100634,Koffi Ahmed Kodjrahoussou,,
100592,LAFDILOUSSAMA,,
100324,Younes Alaoui,,
100362,BOURICHI Mohamed Amine,,
100557,GUILLOTINJulien,,
100544,DIDIHOUSSAM,,
100369,CHHAB Yassmine,,
100387,ENOUALI Ibrahim,,
100653,Foyer du personnel,,
100540,SAWADOGOHanifah,,
100373,EDDARDOURI Imane,,
100542,CHARKANI-ELHASSANIHIBA,,
100395,HANINI Mohamed,,
7,Mehdi El Mouden,,
100320,Sanae BELKASSEM TEMSAMANI,,
100303,Malak Ghemires,,
100565,JEBORILAYLA,,
100603,RHARRITSOUHAIL,,
100032,BENCHEIKH Ismail,,
100053,EJBIRY Soukaina,,
100516,AOUZALAYMANE,,
100337,AIT LAZIZ Yasser,,
100543,ELBAKOURIHIBA,,
100327,Fassi Fihri Hajar ,,
100364,CHABI OUMAROU Ismaël,,
100428,SAWADOGO Joel,,
100135,SANA Boureima,,
100123,NOUBOUSSI DONGMO Florian,,
100466,Ouidad Benhlima,,
100345,AVOCEGAMOU Ingrid Marie Console Fifamè,,
100391,FASSI FIHRI Hajar,,
100302,Malak BENNIS,,
100388,ETHMANE Salahdine,,
100432,SKIK Yasmine,,
100334,AISSAOUI Zineb,,
100341,AMRAOUI Nouhaila,,
100127,OUBAID Yassine,,
100085,JAABOUKA Imane,,
100390,FAOUZI Zakaria,,
100095,KEKE Edouard Thales Bidossessi,,
100360,BONNOT Tristan,,
100228,FILALI ANSARY Abdelouahab,,
100458,Ennaciri Majda,,
100089,KAANANE Youssef,,
100075,GNAMON Yves Auguste,,
100118,MJIDOU Mona,,
100088,JAMRI Asma,,
100010,AHMED Ahmed Salem,,
100305,Meryem Fikri,,
100080,HAMSI Doha,,
100462,Najih Nezha,,
5,Widad ERRAHJ,,
100008,ADNAN Wiam,,
100043,CHAIKHI Belaid,,
100126,OUATTARA Arouna Hassane,,
100356,BENELANBAR Yasser,,
100030,BEDICHE Mohammed,,
100107,KRIT Hamza,,
100047,DAZZAZI Imane,,
100393,HACHAMI Mohamed,,
100132,ROCHDY Ayoub,,
100093,KASSAMBARA Myriam Kadydia,,
100376,EL ALEM Mohamed Cheikh,,
100076,GUALLAL Aimad,,
100061,EL OUAFI Yassine,,
100425,RIDA Ahlame,,
100082,HIMYCH Omar,,
100060,EL MAKSSOUD Wissal,,
100449,Ariri Chaimae,,
100111,LAMRI Oualid,,
100375,EL ACHAM Ahmad,,
100365,CHADDI Ahmedou Salem,,
100110,LAHLAL Hanaa,,
100033,BENHNIYA Ikram,,
100367,CHAKOUI Yassine,,
100022,ASSIM Ali,,
100481,Mohamed Semmaa,,
100278,Abderrahim Benmammass,,
100366,CHAHID Mehdi,,
100412,MOUHTAL Oussama,,
100069,FAIK Yassmine,,
100280,Adil Ahidar,,
100070,FATHI Hafsa,,
100403,LABYAD Houda,,
100071,FEDDOUL Doha,,
100117,MILOUGOU Hamzatou Farida,,
100023,ASSIOUI Reda,,
100097,KHACHOUNI Oussama,,
100099,KOFFI Kablan Henri Yoann,,
